Country,Code,Rank,readiness,vulnerability,Paris,NDC,LTS,Net Zero,pledge,date,category
China,CHN,1,0.5435718082,0.3815280089,Y,Y,Y,Y,"The new round of NDC targets proposed by China are: by 2035, China's net greenhouse gas emissions across the entire economy will decrease by 7%–10% from peak levels, and efforts will be made to achieve even better results.",11/3/2025,Top-emitters
United States,USA,2,0.6410475286,0.3120192434,N,Y,Y,N,United States is communicating an economy-wide target of reducing its net greenhouse gas emissions by 61-66 percent below 2005 levels in 2035,12/19/2024,Top-emitters
India,IND,3,0.3552702487,0.4845973213,Y,N,Y,Y,India communicated that it will endeavour to reduce the emissions intensity of its GDP by 20-25 per cent by 2020 compared with the 2005 level. It added that emissions from the agriculture sector would not form part of the assessment of its emissions intensity.,,Top-emitters
Russian Federation,RUS,4,0.4564751635,0.323741141,Y,Y,Y,Y,"Reduction of greenhouse gas emissions by 2035 by up to 65–67 % compared to the 1990 level considering the maximum possible absorptive capacity of forests and other ecosystems and subject to sustainable and balanced, socio-economic development of the Russian Federation and its non-discriminatory access to equipment and technologies, necessary to reduce (mitigate) greenhouse gas emissions and/or increase its removals (absorption).",9/29/2025,Top-emitters
Brazil,BRA,5,0.3116347459,0.3685201645,Y,Y,N,Y,"Brazil is setting an economy-wide target of reducing its net greenhouse gas emissions by 59-67 percent below 2005 levels by 2035, which is consistent, in absolute terms, with emissions level of 1.05 to 0.85 GtCO2e.",11/13/2024,Top-emitters
Indonesia,IDN,6,0.3477910259,0.4304823574,Y,Y,Y,Y,"Under the LCCP scenarios, Indonesia is expected to achieve its peak emissions by 2030, with estimated emission levels of 1,345,707 Gg CO2e under the LCCP_L scenario and 1,491,474 Gg CO2e under the LCCP_H scenario. Compared to the ENDC CM2 scenario, which projects emissions of 1,632,000 Gg CO2e in 2030, Indonesia's emissions are expected to be 8 - 17.5% lower. The emissions will decline in 2035 with the projection of GHG emission levels reaching 1,257,717 Gg CO2e under LCCP_L and 1,488,866 Gg CO2e under LCCP_H.",10/27/2025,Top-emitters
"Iran, Islamic Rep.",IRN,7,0.3405041659,0.3762434773,-,N,N,N,#N/A,,Top-emitters
Japan,JPN,8,0.6765789661,0.3689566638,Y,Y,Y,Y,"Japan aims to reduce its greenhouse gas emissions by 60 percent in fiscal year (FY) 2035 and by 73 percent in FY 2040, respectively, from its FY 2013 levels, as ambitious targets aligned with the global 1.5°C goal and on a straight pathway towards the achievement of net zero by 2050.",2/18/2025,Top-emitters
Saudi Arabia,SAU,9,0.5656748949,0.4082467948,Y,N,N,Y,#N/A,,Top-emitters
Canada,CAN,10,0.652573748,0.2815838854,Y,Y,Y,Y,"Canada’s 2035 NDC is to reduce emissions by 45-50% below 2005 levels by 2035, building on the 2030 target of 40-45% below 2005 levels.",2/12/2025,Top-emitters
Mexico,MEX,11,0.3020052904,0.3865096925,Y,Y,Y,Y,Mexico communicated that it aims to reduce its GHG emissions by up to 30 per cent compared with the 'business as usual' scenario by 2020.,,Top-emitters
Germany,DEU,13,0.6937356983,0.3014888356,Y,Y,Y,Y,"An economy-wide net emissions reduction target by 2040 compared to 1990, including an adequate contribution of high-quality international credits under Article 6 of the Paris Agreement in a way that is both ambitious and cost-efficient, leading to an indicative contribution of an economy wide net reduction of between 66.25-72.5% in GHG emissions by 2035 compared to 1990.",11/5/2025,Top-emitters
"Korea, Rep.",KOR,14,0.7050030801,0.3568861655,Y,N,Y,Y,The Republic of Korea communicated that it aims to reduce its national GHG emissions by 30 per cent from the 'business as usual' emissions in 2020.,,Top-emitters
Turkiye,TUR,15,0.4527051752,0.3746493467,Y,Y,Y,Y,"Türkiye aims to reduce its GHG emissions by 466 Mt CO₂ eq. compared to the BAU scenario, limiting GHG emissions to 643 Mt CO₂ eq. in 2035.",11/9/2025,Top-emitters
Australia,AUS,16,0.6998780739,0.3159372385,Y,Y,Y,Y,"Australia’s 2035 emissions reduction target is a reduction in net national greenhouse gas emissions of 62–70% below 2005 levels by 2035, implemented as an emissions budget covering the period 2031–35.",9/18/2025,Top-emitters
"Congo, Dem. Rep.",COD,17,0.2141304018,0.5608687744,Y,N,N,N,#N/A,,Top-emitters
Viet Nam,VNM,18,0.3879650997,0.467810376,Y,N,N,Y,#N/A,,Top-emitters
Pakistan,PAK,19,0.2729419712,0.5151334659,Y,Y,N,N,"Pakistan aims to reduce of its 2035 projected GHG emissions by 50 percent (17% unconditional and 33% conditional) subject to provision of adequate, grants-based, additional and new international climate financing, complemented by transfer of technology and capacity building.",9/24/2025,Top-emitters
South Africa,ZAF,20,0.32659974,0.3946477499,Y,Y,Y,Y,South Africa’s annual GHG emissions will be in a range from 320-380 Mt CO2-eq in 2035,10/24/2025,Top-emitters
Argentina,ARG,21,0.3451661477,0.3833580845,Y,N,Y,Y,Argentina communicated several NAMAs.,,Top-emitters
Thailand,THA,22,0.4324659271,0.4348605532,Y,Y,Y,Y,"Thailand aims to reduce its net GHG emissions to 152 million tCO2eq by 2035, representing a 47% reduction (135.2 MtCO2eq) compared to 2019 levels. This target aligns with the 1.5-degree pathways and a goal of net-zero emissions by 2050.",11/4/2025,Top-emitters
Malaysia,MYS,23,0.474238733,0.3669267015,Y,Y,N,Y,“Malaysia intends to achieve an absolute reduction of 15–30 million tonnes of CO₂ equivalent (MtCO₂eq) by 2035 from the peak level.”,10/24/2025,Top-emitters
Nigeria,NGA,24,0.2223742915,0.4810849767,Y,Y,Y,Y,"The Federal Republic of Nigeria sets an ambitious target to achieve an absolute emissions reduction of 184.9 Mt CO2e in 2035 from the emissions of 573.5 Mt CO2e in 2018, which represents a 32.2% reduction.",9/22/2025,Top-emitters
United Kingdom,GBR,25,0.6851330925,0.2880555989,Y,Y,Y,Y,"UK commits to ""reduce all greenhouse gas emissions by at least 81% by 2035, compared to 1990 levels""",1/30/2025,Top-emitters
"Egypt, Arab Rep.",EGY,26,0.3087193297,0.4113207034,Y,N,N,N,"Egypt commits to reducing its electricity emissions by 37%, its oil and gas emissions by 65%, and its transport emissions by 7% by 2030 relative to BAU.",,Top-emitters
Italy,ITA,27,0.5179171709,0.3418868499,Y,Y,N,Y,"An economy-wide net emissions reduction target by 2040 compared to 1990, including an adequate contribution of high-quality international credits under Article 6 of the Paris Agreement in a way that is both ambitious and cost-efficient, leading to an indicative contribution of an economy wide net reduction of between 66.25-72.5% in GHG emissions by 2035 compared to 1990.",11/5/2025,Top-emitters
Kazakhstan,KAZ,28,0.4764553523,0.3158404018,Y,N,Y,Y,Kazakhstan communicated a target of a 15 per cent emission reduction by 2020 compared with 1990 levels.*,,Top-emitters
Poland,POL,29,0.5148733769,0.3056531328,Y,Y,N,N,"An economy-wide net emissions reduction target by 2040 compared to 1990, including an adequate contribution of high-quality international credits under Article 6 of the Paris Agreement in a way that is both ambitious and cost-efficient, leading to an indicative contribution of an economy wide net reduction of between 66.25-72.5% in GHG emissions by 2035 compared to 1990.",11/5/2025,Top-emitters
Iraq,IRQ,30,0.2856144323,0.4360142732,Y,Y,N,N,#N/A,,Top-emitters
France,FRA,31,0.6481640992,0.3041662827,Y,Y,Y,Y,"An economy-wide net emissions reduction target by 2040 compared to 1990, including an adequate contribution of high-quality international credits under Article 6 of the Paris Agreement in a way that is both ambitious and cost-efficient, leading to an indicative contribution of an economy wide net reduction of between 66.25-72.5% in GHG emissions by 2035 compared to 1990.",11/5/2025,Top-emitters
Philippines,PHL,33,0.3115898651,0.4438312966,Y,N,N,N,#N/A,,Top-emitters
United Arab Emirates,ARE,34,0.5817901452,0.3828627247,Y,Y,Y,Y,This NDC sets a target of reducing emissions by 47% by 2035 compared to the 2019 baseline,11/6/2024,Top-emitters
Algeria,DZA,35,0.3211401852,0.3673523354,Y,N,N,N,Algeria communicated several NAMAs.,,Top-emitters
Spain,ESP,36,0.5064244814,0.3047359384,Y,Y,Y,Y,"An economy-wide net emissions reduction target by 2040 compared to 1990, including an adequate contribution of high-quality international credits under Article 6 of the Paris Agreement in a way that is both ambitious and cost-efficient, leading to an indicative contribution of an economy wide net reduction of between 66.25-72.5% in GHG emissions by 2035 compared to 1990.",11/5/2025,Top-emitters
Bangladesh,BGD,37,0.2255334856,0.5683826102,Y,Y,N,N,"Total cumulative reduction from 2026 to 2035 is estimated at 84.97 MtCO₂eq (20.31%) In unconditional scenario, GHG emissions would be reduced by 26.74 MtCO₂eq CO2eq (6.39%) below BAU in 2035 and in conditional scenario, GHG emissions would be reduced by additional 58.23 MtCO₂eq (13.92%) below BAU in 2035 subject to receive adequate, predictable, additional and new international climate financing.",9/24/2025,Top-emitters
Colombia,COL,38,0.345994367,0.4053877306,Y,Y,Y,Y,"In 2035, Colombia will emit a maximum of between 155 and 161 MtCO2eq.",9/25/2025,Top-emitters
Ethiopia,ETH,39,0.2964742928,0.5223633263,Y,Y,Y,Y,"The NDC 3.0 commits to reducing greenhouse gas (GHG) emissions by 70.3% by 2035, compared to a revised business-as-usual pathway, a slight increase from the earlier 68.8% target.",9/26/2025,Top-emitters
Ukraine,UKR,40,0.3883478232,0.3651026514,Y,N,Y,Y,Ukraine communicated a target of a 20 per cent emission reduction by 2020 compared with 1990 levels.,,Top-emitters
Tanzania,TZA,41,0.2846955826,0.5160267483,Y,N,N,N,#N/A,,
Uzbekistan,UZB,42,0.3811826999,0.3588582758,Y,N,N,N,"As part of the updated Nationally Determined Contribution (NDC) 3.0, the Republic of Uzbekistan, considering national circumstances and respective capabilities, has committed to achieving a reduction in specific greenhouse gas emissions (emission intensity) per unit of gross domestic product by 50 percent by 2035 compared to 2010 levels.",11/6/2025,
Myanmar,MMR,43,0.2372302541,0.5143405572,Y,N,N,N,#N/A,,
Qatar,QAT,44,0.5120853986,0.3512944667,Y,Y,N,N,#N/A,,
Angola,AGO,45,0.2472405706,0.5063734243,Y,Y,N,N,"In this NDC, Angola sets itself the goal of achieving this 5 % reduction in emissions by 2035, unconditionally. In addition, it is hoped that, through a conditional mitigation scenario, the country will be able to reduce 11% below BAU emission levels by 2035.",9/13/2025,
"Venezuela, RB",VEN,46,0.1545870076,0.3731380284,Y,Y,N,N,#N/A,10/28/2025,
Netherlands,NLD,47,0.6870853804,0.3538795722,Y,Y,Y,Y,"An economy-wide net emissions reduction target by 2040 compared to 1990, including an adequate contribution of high-quality international credits under Article 6 of the Paris Agreement in a way that is both ambitious and cost-efficient, leading to an indicative contribution of an economy wide net reduction of between 66.25-72.5% in GHG emissions by 2035 compared to 1990.",11/5/2025,
Sudan,SDN,48,0.21576253,0.6119211811,Y,N,N,N,#N/A,,
Bolivia,BOL,49,0.2545589785,0.4507797311,Y,Y,N,N,"By 2035, Bolivia will have revolutionized its energy matrix, reaching 75% of electricity generation from renewable sources, with solar and wind energy leading the expansion in the National Interconnected System. By 2035, Bolivia will have robust agri-food systems adapted to new climate scenarios. 40% of the production units will have adopted conservation, regenerative, and climate-resilient agriculture practices, protecting our soils and water sources. By 2035, Bolivia will have left behind the linear model of ""use and throw away"", consolidating a comprehensive solid waste management that recovers at least 25% of municipal waste and eradicates open-air dumps, sources of pollution and disease.Our vision for 2035 is completed with a vibrant and protected forest sector, which will have managed to stop and reverse deforestation, positioning forests as the heart of our climate action. By 2035, Bolivia will have consolidated comprehensive and sustainable management of their water resources, guaranteeing the human right to water for all and the protection of our aquatic ecosystems.""",9/29/2025,
Peru,PER,50,0.3328589136,0.4091395365,Y,Y,Y,Y,"Peru establishes as a monitoring indicator for the National Mitigation Commitment (CNM) presented in this NDC 3.0, to reach a level of GHG emissions that do not exceed 179MtCO2eq by 2035, which will be reflected in the National Greenhouse Gas Inventories (INGEI).",11/6/2025,
Kuwait,KWT,51,0.4391200287,0.3616095849,Y,N,N,Y,#N/A,,
Oman,OMN,52,0.4652619459,0.4202169539,Y,N,Y,Y,#N/A,,
Turkmenistan,TKM,53,0.16849559,0.3718524329,Y,N,N,N,#N/A,,
Chad,TCD,54,0.1393617211,0.6396268826,Y,N,N,N,Chad communicated several NAMAs.,,
Cote d'Ivoire,CIV,55,0.2942572302,0.489171238,Y,Y,N,Y,"To reverse this trend, NDC 3.0 sets an ambitious target of reducing emissions by 33.07% by 2035 compared to the BAU scenario, by mobilizing a portfolio of differentiated sectoral measures: Unconditional measures: constitute an implementation commitment, allowing emissions to be reduced to 104,659 GgCO2eq, i.e. a decrease of 33.07% compared to the BAU scenario; Conditional measures: depending on increased international support (finance, technology transfer, capacity building), they would offer a more ambitious potential, limiting emissions to 40,199 GgCO2 eq, a reduction of 74.29%.",10/29/2025,
Kenya,KEN,56,0.2607892868,0.5004828991,Y,Y,N,N,"Kenya aims to implement mitigation measures to achieve absolute emission reductions of 75 MtCO2eq by 2035. Out of the 75 MtCO2eq, unconditional measures are expected to lead to a 15 MtCO2eq emission reduction amount. An additional 60 MtCO2eq emission reduction is achievable if support is made available from international sources to cover the full cost for implementation.",4/30/2025,
Chile,CHL,57,0.5334247568,0.3322364923,Y,Y,Y,Y,"Chile commits to a GHG emissions budget that will not exceed 1,100 MtCO2eq between 2020 and 2030, with a maximum GHG emissions (peak) by 2025, and not to exceed a GHG emissions level of 95 MtCO2eq by 2030, considering the emission sources of Chile's Third Biennial Update Report. In addition, Chile commits to a national GHG emissions budget that will not exceed 480 MtCO2eq between 2031 and 2035, and not to exceed a GHG emissions level of 90 MtCO2eq in 2035, considering the emission sources of Chile's First Biennial Transparency Report.",9/23/2025,
Belarus,BLR,58,0.4499918963,0.3231825864,Y,Y,N,N,"Based on the economic situation and the country's capabilities, the new unconditional economic goal is to reduce greenhouse gas emissions by at least 42 percent by 2035 compared to the level of emissions in 1990, taking into account the LULUCF sector. The new conditional economy-wide goal is to reduce greenhouse gas emissions by at least 47 percent by 2035 compared to 1990 emissions, taking into account the LULUCF sector.",11/10/2025,
Belgium,BEL,59,0.5915683896,0.334702001,Y,Y,Y,Y,"An economy-wide net emissions reduction target by 2040 compared to 1990, including an adequate contribution of high-quality international credits under Article 6 of the Paris Agreement in a way that is both ambitious and cost-efficient, leading to an indicative contribution of an economy wide net reduction of between 66.25-72.5% in GHG emissions by 2035 compared to 1990.",11/5/2025,
Morocco,MAR,60,0.3825861586,0.3682608485,Y,Y,Y,Y,"An unconditional net reduction in GHG emissions across the economy of 21.6% in 2035 compared to the baseline scenario (Normal Business Course), with the country's own resources, and secure international support to date. A conditional net reduction in economy-wide GHG emissions of 31.4% in 2035 compared to the Reference Case (Normal Business Course), thus raising the national ambition to reduce GHG emissions to 53% in 2035 compared to the Reference Case (NAC).",9/30/2025,
Romania,ROU,61,0.4406817979,0.4117794837,Y,Y,N,Y,"An economy-wide net emissions reduction target by 2040 compared to 1990, including an adequate contribution of high-quality international credits under Article 6 of the Paris Agreement in a way that is both ambitious and cost-efficient, leading to an indicative contribution of an economy wide net reduction of between 66.25-72.5% in GHG emissions by 2035 compared to 1990.",11/5/2025,
Libya,LBY,62,0.2808193397,0.4156189417,-,N,N,N,#N/A,,
Mongolia,MNG,63,0.405699554,0.3653103659,Y,Y,N,Y,"Compared to the BAU scenario, Mongolia aims to reduce its GHG emissions by 30.3% through unconditional measures, reaching 46.3% with net emissions including forest removals, and up to 52.8% with conditional measures in 2035.",9/24/2025,
Czechia,CZE,64,0.5216767858,0.2638085538,Y,Y,Y,N,"An economy-wide net emissions reduction target by 2040 compared to 1990, including an adequate contribution of high-quality international credits under Article 6 of the Paris Agreement in a way that is both ambitious and cost-efficient, leading to an indicative contribution of an economy wide net reduction of between 66.25-72.5% in GHG emissions by 2035 compared to 1990.",11/5/2025,
Ecuador,ECU,65,0.3033293263,0.4613303517,Y,Y,N,N,"The Republic of Ecuador commits in its unconditional scenario to achieve a projected reduction in GHG emissions in 2035 of approximately 8,800 ktCO2-eq, 7% with respect to the 2010 baseline trend scenario among all mitigation sectors. In addition, a conditional target is proposed, with which a reduction of 8% could be achieved, approximately 10,600 ktCO2-eq subject to the support of international cooperation.",2/6/2025,
Zambia,ZMB,66,0.2962205061,0.4845816503,Y,Y,N,N,Zambia intends to reduce its greenhouse gas emissions by 25% (at Business As Usual (BAU) level of international support prevailing in 2015) and towards 47% (with substantial international support) by 2030.,10/28/2025,
Cambodia,KHM,67,0.2152888551,0.4806029485,Y,Y,Y,Y,"Cambodia’s NDC 3.0 establishes an enhanced and more ambitious economy-wide target of reducing GHG emissions by 55% by 2035, compared to the 2035 BAU scenario. For the first time, Cambodia has also defined a clear unconditional target of reducing GHG emissions by 16% by 2035, compared to the 2035 BAU scenario.",8/8/2025,
"Korea, Dem. People's Rep.",PRK,68,0.2716840471,0.4603266051,Y,N,N,N,#N/A,,
Paraguay,PRY,69,0.2841818082,0.3724506281,Y,Y,N,N,"Paraguay commits to an unconditional reduction of 10% of national net greenhouse gas (GHG) emissions in 2030 and 2035 compared to the national net GHG emissions projected for 2030 and 2035 in the BaU scenario. Paraguay also aspires to an additional 10% reduction conditional on international support in means of implementation (financing, capacity building and technology transfer) in the years 2030 and 2035.",11/6/2025,
Israel,ISR,70,0.5354951866,0.2893659,Y,N,N,Y,Israel communicated that it will strive to achieve the target of a 20 per cent reduction in GHG emissions by 2020 below 'business as usual' levels.,,
New Zealand,NZL,71,0.7048642211,0.3042622157,Y,Y,Y,Y,"New Zealand commits to ""reduce net greenhouse gas emissions to 51–55 per cent below gross 2005 levels by 2035.""",1/31/2025,
Finland,FIN,72,0.7760449088,0.2802004006,Y,Y,Y,Y,"An economy-wide net emissions reduction target by 2040 compared to 1990, including an adequate contribution of high-quality international credits under Article 6 of the Paris Agreement in a way that is both ambitious and cost-efficient, leading to an indicative contribution of an economy wide net reduction of between 66.25-72.5% in GHG emissions by 2035 compared to 1990.",11/5/2025,
Azerbaijan,AZE,73,0.3708634451,0.4042538046,Y,Y,N,N,"The Republic of Azerbaijan aims to achieve 40% net GHG emission reduction level in 2035 compared to 1990 net GHG emission level, subject to enhanced financial resources/ additional international financial support (e.g., concessional loans, private sector investment), technology availability, technology transfer, increased technology maturity level, capability-building support, and availability of absorptive capacity of forests and other ecosystems.",11/5/2025,
Norway,NOR,74,0.7914038552,0.2556147185,Y,Y,Y,Y,At least 70-75 per cent reduction in greenhouse gas emissions in 2035 compared to 1990 levels.,6/26/2025,
Sweden,SWE,75,0.738968617,0.3170483675,Y,Y,Y,Y,"An economy-wide net emissions reduction target by 2040 compared to 1990, including an adequate contribution of high-quality international credits under Article 6 of the Paris Agreement in a way that is both ambitious and cost-efficient, leading to an indicative contribution of an economy wide net reduction of between 66.25-72.5% in GHG emissions by 2035 compared to 1990.",11/5/2025,
Mozambique,MOZ,76,0.2368344082,0.493088995,Y,Y,N,N,The target year is 2035. The emissions reduction target is under development and will be followed by extensive technical review and consultations. An emissions reduction target of between 15% and 25% of baseline is envisaged (BUR2 2020),11/5/2025,
Mali,MLI,77,0.2719826165,0.5755365106,Y,N,N,N,#N/A,,
Austria,AUT,78,0.6541831305,0.2953165686,Y,Y,Y,Y,"An economy-wide net emissions reduction target by 2040 compared to 1990, including an adequate contribution of high-quality international credits under Article 6 of the Paris Agreement in a way that is both ambitious and cost-efficient, leading to an indicative contribution of an economy wide net reduction of between 66.25-72.5% in GHG emissions by 2035 compared to 1990.",11/5/2025,
Bahrain,BHR,79,0.4911383673,0.4356320724,Y,N,N,Y,#N/A,,
Cameroon,CMR,80,0.2200017732,0.485603879,Y,N,N,N,"Cameroon communicated that it will undertake NAMAs through REDD and CDM projects, reforestation, and sector-specific mitigation actions developed as part of its National Mitigation Strategy.",,
Uganda,UGA,81,0.22407249,0.5356030995,Y,N,N,Y,#N/A,,
Guatemala,GTM,83,0.2537911427,0.4342831351,Y,N,Y,N,#N/A,,
Greece,GRC,84,0.4979225999,0.3369427272,Y,Y,N,Y,"An economy-wide net emissions reduction target by 2040 compared to 1990, including an adequate contribution of high-quality international credits under Article 6 of the Paris Agreement in a way that is both ambitious and cost-efficient, leading to an indicative contribution of an economy wide net reduction of between 66.25-72.5% in GHG emissions by 2035 compared to 1990.",11/5/2025,
Nepal,NPL,85,0.3289420248,0.4900277287,Y,Y,Y,Y,"Compared to the Business-As-Usual (BAU) Scenario, the quantified mitigation targets will reduce net GHG emissions and removals by 8,866.53 GgCO2eq (17.12%) in 2030 and 16,627.80 GgCO2eq (26.79%) in 2035...Around 96% by 2030 and 97% by 2035 of total targeted emission reductions are conditional upon international climate finance and support.",5/19/2025,
Niger,NER,86,0.3256654406,0.6329805207,Y,N,N,N,#N/A,,
Burkina Faso,BFA,87,0.2887277292,0.5209263763,Y,N,Y,Y,Burkina Faso communicated proposals for a framework for the development of two NAMAs: one in the rural development sector and one in the energy sector.,,
Madagascar,MDG,88,0.2166740802,0.5575119348,Y,Y,N,N,Madagascar communicated several NAMAs.,,
Ireland,IRL,89,0.5968400178,0.3155772642,Y,Y,Y,Y,"An economy-wide net emissions reduction target by 2040 compared to 1990, including an adequate contribution of high-quality international credits under Article 6 of the Paris Agreement in a way that is both ambitious and cost-efficient, leading to an indicative contribution of an economy wide net reduction of between 66.25-72.5% in GHG emissions by 2035 compared to 1990.",11/5/2025,
Singapore,SGP,90,0.8044969764,0.388692488,Y,Y,Y,Y,Singapore intends to reduce emissions to between 45 to 50 million tonnes of carbon dioxide equivalent (MtCO2e) in 2035,2/10/2025,
Portugal,PRT,91,0.5481114677,0.3184901708,Y,Y,Y,Y,"An economy-wide net emissions reduction target by 2040 compared to 1990, including an adequate contribution of high-quality international credits under Article 6 of the Paris Agreement in a way that is both ambitious and cost-efficient, leading to an indicative contribution of an economy wide net reduction of between 66.25-72.5% in GHG emissions by 2035 compared to 1990.",11/5/2025,
Lao PDR,LAO,92,0.2713788442,0.4857796778,Y,N,N,Y,#N/A,,
Papua New Guinea,PNG,93,0.2543190863,0.549570184,Y,N,N,Y,"Papua New Guinea communicated that it is aiming to decrease its GHG emissions by at least 50 per cent before 2030, while becoming carbon-neutral before 2050.",,
Ghana,GHA,94,0.3210847325,0.4476771378,Y,N,N,Y,"Ghana communicated initial list of NAMAs, which it states requires further detailed analysis, in particular as they relate to the actual levels of emission reductions as a result of the implementation of these actions.",,
Guinea,GIN,95,0.279149102,0.5291288677,Y,Y,N,N,"Energy, Waste and IPPU sectors: Unconditional target: 9.7% reduction in non-AFOLU GHG emissions by 2035 (target emissions: 14,035 ktCO₂e) Conditional objective: 20% reduction in non-AFOLU GHGs by 2035 (target emissions: 12,434 ktCO₂e) All sectors: Unconditional target: 17% reduction in GHG emissions with AFOLU by 2035 (target emissions: 83,052 ktCO₂e) Conditional target: 49% reduction in GHGs with AFOLU by 2035 (target emissions: 51,032 ktCO₂e)",11/6/2025,
Hungary,HUN,96,0.445166206,0.3532215107,Y,Y,Y,Y,"An economy-wide net emissions reduction target by 2040 compared to 1990, including an adequate contribution of high-quality international credits under Article 6 of the Paris Agreement in a way that is both ambitious and cost-efficient, leading to an indicative contribution of an economy wide net reduction of between 66.25-72.5% in GHG emissions by 2035 compared to 1990.",11/5/2025,
Trinidad and Tobago,TTO,97,0.2922243842,0.3712487224,Y,N,N,N,#N/A,,
Dominican Republic,DOM,98,0.3063072006,0.432859946,Y,N,N,Y,#N/A,,
Tunisia,TUN,99,0.4040927226,0.379160533,Y,Y,Y,Y,Tunisia communicated several NAMAs.,,
Bulgaria,BGR,100,0.419111935,0.3542121156,Y,Y,N,Y,"An economy-wide net emissions reduction target by 2040 compared to 1990, including an adequate contribution of high-quality international credits under Article 6 of the Paris Agreement in a way that is both ambitious and cost-efficient, leading to an indicative contribution of an economy wide net reduction of between 66.25-72.5% in GHG emissions by 2035 compared to 1990.",11/5/2025,
Serbia,SRB,101,0.3970129074,0.4215162617,Y,Y,Y,N,An increase of ambitions regarding the reduction of greenhouse gas emissions to 40.1% by 2035 compared to the level of greenhouse gas emissions in 1990.,9/12/2025,
"Somalia, Fed. Rep.",SOM,102,0.3250600464,0.610504401,Y,Y,N,N,"As a result, the country’s mitigation contribution takes the form of both conditional and unconditional reduction in GHG emissions relative to a business-as-usual (BAU) emissions baseline over the period 2025 to 2035. Total emission reduction target is 34%, with 29% under conditional reduction while 5% under unconditional.",9/8/2025,
Denmark,DNK,103,0.8024159384,0.3474351043,Y,Y,Y,Y,"An economy-wide net emissions reduction target by 2040 compared to 1990, including an adequate contribution of high-quality international credits under Article 6 of the Paris Agreement in a way that is both ambitious and cost-efficient, leading to an indicative contribution of an economy wide net reduction of between 66.25-72.5% in GHG emissions by 2035 compared to 1990.",11/5/2025,
Nicaragua,NIC,104,0.2111640347,0.445563118,Y,Y,N,N,"Energy Sector: By 2030, 65% of the installed capacity of the electricity matrix must come from renewable energy sources<br>""Land Use, Land Use Change and Forestry Sector: Increase in carbon absorption capacity by 25% compared to the 2030 Reference Scenario.""",9/19/2025,
Cuba,CUB,105,0.3345228455,0.4405822578,Y,Y,N,N,#N/A,2/27/2025,
Uruguay,URY,106,0.5349455798,0.3746689766,Y,Y,Y,Y,"Unconditional mitigation targets to 2035 Not exceeding the next emission level (Gg of gas): CO2: 9.267, CH4: 818, N2O: 32, HFCs: Reduce 30% consumption with respect to the baseline established from the average consumption of the years 2020 to 2022, Conditional mitigation targets to 2035 Reduction of GHG emissions (Gg of gas): CO2: 960, CH4: 61, N2O: 2, HFCs: Decrease 5% consumption with respect to the baseline established from the average consumption of the years 2020 to 2022",12/30/2024,
Sri Lanka,LKA,107,0.3536403951,0.4746654037,Y,Y,Y,Y,"Sri Lanka’s third Nationally Determined Contributions (NDC 3.0) builds upon the updated 2021 NDCs (NDC 2.0), while affirming more ambitious mitigation targets and enhancements in climate resilience for the period 2026 to 2035, in compliance with the Paris Agreement. It includes climate actions in six mitigation sectors, nine adaptation sectors, and loss & damage as a cross-cutting sector. The country commits to reduce the cumulative GHG emissions by 20.09% (8.11% unconditionally and 11.98% conditionally) and to increase net removal of carbon by 4.49% (0.96% unconditionally and 3.53% conditionally) with respect to the business-as-usual (BAU) scenario during the ten-year period.",9/25/2025,
Afghanistan,AFG,109,0.2428165185,0.5875161783,Y,N,N,N,Afghanistan communicated several NAMAs.,,
Switzerland,CHE,110,0.709137405,0.2512584523,Y,Y,Y,Y,"Switzerland’s second NDC is to reduce its greenhouse gas emissions by at least 65 percent by 2035 compared to 1990 levels, to be implemented as an emission budget covering 2031–2035. Thus, the target corresponds to a greenhouse gas budget of 106.8 million tonnes of CO2 equivalents1 , which is equivalent to an average reduction of greenhouse gas emissions by at least 59 percent over the period 2031–2035.",1/29/2025,
"Congo, Rep.",COG,111,0.1783049972,0.5224472477,Y,N,N,N,Congo communicated several NAMAs.,,
Syrian Arab Republic,SYR,112,0.2004050078,0.4863577616,Y,N,N,N,#N/A,,
Honduras,HND,113,0.2039963058,0.4450338659,Y,Y,N,N,#N/A,,
Zimbabwe,ZWE,114,0.1788685065,0.4982388739,Y,Y,Y,N,In this regard the country revised NDC2.0 to raise its ambition to reduce GHG emissions by at least 40% per capita in the NDC3.0 compared to the 2035 Business-as Usual (BAU) scenario,2/10/2025,
Senegal,SEN,115,0.3424539765,0.5348560014,Y,N,N,N,#N/A,,
Botswana,BWA,116,0.4148430485,0.4323979324,Y,Y,N,N,Botswana communicated several NAMAs,,
"Yemen, Rep.",YEM,117,0.2188880883,0.5341454769,-,Y,N,N,#N/A,,
Malawi,MWI,118,0.2450130172,0.5490174917,Y,N,N,Y,"Malawi communicated that, through the process of preparation of its initial and second national communications and national stakeholder forums, it has identified several mitigation options.",,
Jordan,JOR,119,0.3873092437,0.3663335577,Y,Y,N,N,Jordan communicated several NAMAs that it expects to implement.,,
Central African Republic,CAF,120,0.1161053996,0.5787110964,Y,N,N,N,The Central African Republic communicated several NAMAs.,,
Slovak Republic,SVK,121,0.463590697,0.3602170816,Y,Y,Y,Y,"An economy-wide net emissions reduction target by 2040 compared to 1990, including an adequate contribution of high-quality international credits under Article 6 of the Paris Agreement in a way that is both ambitious and cost-efficient, leading to an indicative contribution of an economy wide net reduction of between 66.25-72.5% in GHG emissions by 2035 compared to 1990.",11/5/2025,
Bosnia and Herzegovina,BIH,122,0.3244743988,0.3465139543,Y,N,Y,N,#N/A,,
Benin,BEN,123,0.3313704497,0.5713164455,Y,N,Y,N,Benin communicated several NAMAs.,,
Panama,PAN,124,0.3190847219,0.406459591,Y,Y,Y,Y,"An 11% reduction in emissions by 2035 compared to the BAU scenario (excluding LULUCF), and could reach 17% if the international community provides Panama with the financial resources and support necessary to implement the corresponding measures.",9/30/2025,
Lebanon,LBN,125,0.2496834036,0.3990686858,Y,Y,Y,Y,Under the NDC 3.0 Lebanon commits to reduce its national greenhouse gas emissions by 22% as an unconditional target and 33% as a conditional target compared to a Business- as-usual Scenario (BAU) by 2035. It also commits to generating 25% of its electricity demand from renewable energy as an unconditional target and 30% as a conditional target by 2035.,9/30/2025,
Gabon,GAB,126,0.2355710196,0.4363016507,Y,N,N,Y,"Gabon communicated several NAMAs, to be implemented by 2020.",,
Liberia,LBR,127,0.2375115572,0.5378438785,Y,Y,N,Y,"Liberia reaffirms its ambitious commitment to reduce economy-wide greenhouse gas emissions by 64% by 2035. However, following a change in the base year from 2015 to 2022—where the calculation of emissions rose from 5,695 GgCO₂e to 12,471 GgCO₂e due to improved data and methodologies—this reflects a three-fold increase in GHG emissions. As a result, Liberia updated its Business-As-Usual (BAU) and mitigation scenarios. The revised 2035 targets are: an unconditional reduction of 5,551 GgCO₂e (10%) and a conditional reduction of 29,974 GgCO₂e (54%), contingent on international support.	
Libya	0.2808193397	0.4156189417	Middle East & North Africa	Upper middle income	6318.40314	LBY				#N/A	
St. Lucia	0.4251002888	0.3751029155	Latin America & Caribbean	Upper middle income	14181.63034	LCA				For 2035, Saint Lucia pledges at least 22% reduction in energy sector emissions and 46% renewable energy penetration from solar and wind plus battery storage, and a possible further reduction conditional upon the timely completion of a planned 32MW geothermal power plant. Additionally, Saint Lucia is adding 2 new sub sectors: IPPU 2F, with targets for replacing ozone depleting substances and AFOLU 3B, with targets for reforestation.""",9/24/2025,
Lithuania,LTU,128,0.5641595909,0.3596426391,Y,Y,Y,Y,"An economy-wide net emissions reduction target by 2040 compared to 1990, including an adequate contribution of high-quality international credits under Article 6 of the Paris Agreement in a way that is both ambitious and cost-efficient, leading to an indicative contribution of an economy wide net reduction of between 66.25-72.5% in GHG emissions by 2035 compared to 1990.",11/5/2025,
Namibia,NAM,129,0.3463300795,0.4540561256,Y,N,N,Y,#N/A,,
Tajikistan,TJK,130,0.2735524346,0.3560715125,Y,N,N,Y,Tajikistan communicated several NAMAs.,,
Croatia,HRV,131,0.4524778907,0.3798277979,Y,Y,N,Y,"An economy-wide net emissions reduction target by 2040 compared to 1990, including an adequate contribution of high-quality international credits under Article 6 of the Paris Agreement in a way that is both ambitious and cost-efficient, leading to an indicative contribution of an economy wide net reduction of between 66.25-72.5% in GHG emissions by 2035 compared to 1990.",11/5/2025,
Kyrgyz Republic,KGZ,132,0.3341098181,0.3105885891,Y,Y,N,Y,"Unconditional targets of NDC3.0 of the Kyrgyz Republic provide for a reduction of net GHG emissions by 18% from the projected baseline level of net emissions in 2030 and by 16% from the projected baseline level of net GHG emissions in 2035. Conditional targets of NDC3.0 of the Kyrgyz Republic provide for a reduction of net GHG emissions by 30% in 2030 from the projected baseline level of net GHG emissions for that year, and by 39% from the projected baseline level of net GHG emissions in 2035.",10/2/2025,
Costa Rica,CRI,133,0.4373093583,0.376483069,Y,Y,Y,Y,Costa Rica communicated that it will implement a &quot;long-term economy-wide transformational effort to enable carbon-neutrality&quot; that will help the country to significantly deviate from &quot;business as usual&quot; emission scenarios from now until 2021 and beyond.*,,
Mauritania,MRT,134,0.3155762183,0.5783376928,Y,Y,N,Y,"Mauritania commits to a reduction of 75.8% (i.e. 17,433.84 Gg CO2eq) in 2035 compared to the reference level (BAU), including an unconditional reduction of 8.1% (i.e. 1,873 Gg
  CO2eq) and a conditional reduction of 67.7% (i.e. 15,561 Gg CO2eq).",10/28/2025,
Brunei Darussalam,BRN,135,0.535708165,0.4040391901,Y,Y,N,Y,"Brunei Darussalam’s new NDC target will be to reduce GHG emissions by 20% relative to a Business-As-Usual (BAU) scenario by 2035, using 2015 as the baseline year.",10/28/2025,
Sierra Leone,SLE,136,0.2724102913,0.5972572629,Y,N,N,N,"Sierra Leone communicated that, in a bid to make a significant contribution towards the reduction of the sources and potential sources of GHG emissions and to the enhancement of carbon sinks, it would undertake several NAMAs.",,
Slovenia,SVN,137,0.5712648547,0.3143255951,Y,Y,Y,Y,"An economy-wide net emissions reduction target by 2040 compared to 1990, including an adequate contribution of high-quality international credits under Article 6 of the Paris Agreement in a way that is both ambitious and cost-efficient, leading to an indicative contribution of an economy wide net reduction of between 66.25-72.5% in GHG emissions by 2035 compared to 1990.",11/5/2025,
Equatorial Guinea,GNQ,138,0.1907583716,0.4100223414,Y,N,Y,N,#N/A,,
Latvia,LVA,139,0.5493399192,0.359746054,Y,Y,Y,Y,"An economy-wide net emissions reduction target by 2040 compared to 1990, including an adequate contribution of high-quality international credits under Article 6 of the Paris Agreement in a way that is both ambitious and cost-efficient, leading to an indicative contribution of an economy wide net reduction of between 66.25-72.5% in GHG emissions by 2035 compared to 1990.",11/5/2025,
Haiti,HTI,140,0.1735091988,0.5094884093,Y,N,N,N,#N/A,,
Estonia,EST,141,0.6193401711,0.3343735948,Y,Y,N,Y,"An economy-wide net emissions reduction target by 2040 compared to 1990, including an adequate contribution of high-quality international credits under Article 6 of the Paris Agreement in a way that is both ambitious and cost-efficient, leading to an indicative contribution of an economy wide net reduction of between 66.25-72.5% in GHG emissions by 2035 compared to 1990.",11/5/2025,
Georgia,GEO,142,0.5664632675,0.3942915455,Y,N,Y,Y,Georgia communicated several NAMAs.,,
Togo,TGO,143,0.3256733283,0.5029238942,Y,N,Y,N,Togo communicated NAMAs to increase forest cover from 7 per cent in 2005 to 30 per cent in 2050 in relation to the national area through reforestation and the improvement of the availability of forest resources.,,
Guyana,GUY,144,0.3046190208,0.4299631192,Y,N,N,Y,#N/A,,
El Salvador,SLV,145,0.3046126685,0.4254382529,Y,N,N,N,#N/A,,
Rwanda,RWA,146,0.4386474226,0.5672788678,Y,Y,N,Y,"Unconditional contribution: A reduction of 7 per cent (%) relative to BAU in the year 2035; equivalent to an estimated mitigation level of 1.84 million tonnes of carbon dioxide equivalent (tCO2e) in that year. This is an unconditional target, based on domestically supported and implemented mitigation policies and measures. Conditional contribution: An additional reduction of 46% relative to BAU in the year 2035, equivalent to an estimated additional mitigation level of 13.02 million tCO2e in that year. This represents an additional contribution, conditional on the provision of international support and funding.",11/9/2025,
Armenia,ARM,147,0.4915917614,0.3573115294,Y,N,Y,Y,Armenia communicated several NAMAs.,,
Cyprus,CYP,148,0.4776481269,0.3585364092,Y,Y,Y,Y,"An economy-wide net emissions reduction target by 2040 compared to 1990, including an adequate contribution of high-quality international credits under Article 6 of the Paris Agreement in a way that is both ambitious and cost-efficient, leading to an indicative contribution of an economy wide net reduction of between 66.25-72.5% in GHG emissions by 2035 compared to 1990.",11/5/2025,
Burundi,BDI,149,0.2108136762,0.5531865634,Y,Y,N,N,"The goal of NDC 3.0 is to reduce greenhouse gas emissions by 23% by 2035 compared to the baseline scenario (BAU), which corresponds to a 3% reduction under its unconditional target and a 20% reduction under its conditional target. Targets with and without measures have been defined by sector (Energy, PIUP, Agriculture, FAT, and Waste).",11/10/2025,
Eritrea,ERI,150,0.1821336788,0.5915299244,Y,N,N,N,#N/A,,
North Macedonia,MKD,151,0.4217481273,0.3722760578,Y,N,Y,N,The former Yugoslav Republic of Macedonia communicated several NAMAs derived from its second national communication.,,
Jamaica,JAM,152,0.3703957428,0.4219391522,Y,Y,Y,Y,"Jamaica’s NDC 3.0 shows emission reductions of 16.3% by 2030 compared to 2012 levels (19.6% compared to BAU), and 16.9% by 2035 compared to 2012 levels (25.9% compared to BAU) in an unconditional scenario, excluding forestry. ""Jamaica’s target, conditional upon international support, results in emissions reductions of 19.6% by 2030 compared to 2012 levels (22.7% compared to BAU), and 28.3% by 2035 compared to 2012 levels (36.0% compared to BAU), excluding forestry.""",9/22/2025,
Luxembourg,LUX,153,0.664548701,0.3113270103,Y,Y,Y,Y,"An economy-wide net emissions reduction target by 2040 compared to 1990, including an adequate contribution of high-quality international credits under Article 6 of the Paris Agreement in a way that is both ambitious and cost-efficient, leading to an indicative contribution of an economy wide net reduction of between 66.25-72.5% in GHG emissions by 2035 compared to 1990.",11/5/2025,
Albania,ALB,154,0.3751334658,0.380184451,Y,N,N,N,#N/A,,
Belize,BLZ,155,0.3104055241,0.4672842696,Y,Y,Y,Y,"Belize’s NDC 3.0 establishes mitigation actions that can potentially reduce GHG emissions approximately 3,016.5 ktCO₂e by 2030 and an additional 3,217.5 ktCO₂e from 2030 to 2035, amounting to a total cumulative avoided emissions of 6,234 ktCO₂e by 2035. ",6/14/2025,
Moldova,MDA,156,0.4087327896,0.393818146,Y,Y,N,Y,"Pursuant to paragraph 2 of Decision 6/CMA.3, the country’s absolute economywide target for 2035 is to reduce its net GHG emissions by 75 percent below its 1990 level.",5/6/2025,
Suriname,SUR,157,0.2906805971,0.4036761387,Y,Y,N,Y,#N/A,,
Lesotho,LSO,158,0.2694694838,0.4720660397,Y,Y,N,N,#N/A,,
Mauritius,MUS,159,0.5224724052,0.4118613996,Y,Y,N,Y,"The Republic of Mauritius aims to reduce overall GHG emissions by 40% in 2035 compared to the Business as Usual (BAU) scenario of about 7385 Gg CO2e including Land Use, Land Use Change and Forestry (LULUCF) in 2035. This economy-wide emissions reduction target comprises sector specific mitigation targets for energy, transport, waste, Agriculture, Forestry and Other Land Use (AFOLU) and IPPU.",9/29/2025,
Iceland,ISL,160,0.6902083824,0.3222608484,Y,Y,Y,Y,Iceland is committed to a 50–55 per cent emission reduction target by 2035 compared to 2005 under the scope of the EU’s Effort Sharing Regulation (ESR). This represents a significant progression from the corresponding 41 per cent emission reduction target under ESR by 2030 compared to 2005.,9/30/2025,
Bhutan,BTN,161,0.5225706561,0.5150286329,Y,Y,Y,Y,"The BAU scenario outlined in the LTS was developed in alignment with the 10X National Economic Vision 2050 which charts Bhutan’s aspiration for green, diversified, inclusive, and climate-resilient development. Under this scenario, Bhutan is expected to remain carbon neutral through 2035 with GHG emissions projected at 4,454 Gg CO₂e (without LULUCF) and 8,673 Gg CO₂e (with LULUCF), both within the estimated carbon sink capacity of 10,965 Gg CO₂e. With additional mitigation efforts and further international support there is potential to further reduce emissions below BAU levels and ensure a trajectory consistent with carbon neutrality through the second half of this century.",11/10/2025,
Guinea-Bissau,GNB,162,0.2320619734,0.6128130552,Y,N,N,N,#N/A,,
Timor-Leste,TLS,163,0.3842751698,0.5380677937,Y,N,N,N,#N/A,,
"Gambia, The",GMB,164,0.3039087256,0.5235334964,Y,N,Y,Y,The Gambia submitted a document containing comprehensive information on NAMAs and an annex with concept notes for 10 priority NAMAs.,,
Solomon Islands,SLB,165,0.3651278464,0.6292526959,Y,Y,Y,Y,"Under this NDC the Solomon Islands is committed to reducing GHG emissions in 2035 without additional removals by 97.1 ktCO2e (-8%) under a with measures scenario, and 208.7 ktCO2e (-17%) under a with additional measures scenario. Considering additional removals from planned afforestation/reforestation projects by 2035, the reduced GHG emissions plus removals under the with additional measure scenario is 408.7.6 ktCO2e (-34%).",8/13/2025,
"Bahamas, The",BHS,166,0.4622291311,0.4584258308,Y,Y,N,N,The Bahamas commits to reducing its GHG emissions by 30% compared to its 2010 emissions level and having at 45% renewables in the country’s energy mix by 2035.,11/7/2025,
Fiji,FJI,167,0.4663553795,0.4531723522,Y,Y,Y,Y,"A reduction of energy sector BAU CO2e emissions by 35% by 2035 as an absolute reduction compared to reference year (2035 BAU emissions scenario) emissions. Of the 36% reduction of BAU baseline CO2e emissions, 12% will be achieved “unconditionally” using available resources in the country, and 24% achieved “conditionally”.",11/6/2025,
Maldives,MDV,168,0.4108802562,0.5503948393,Y,Y,N,Y,"The Maldives is committed to reduce 1.52 million tonnes of CO2 eq in 2035, conditional on receiving adequate support and financial resources, technology, capacity building, and other means of implementation in the context of sustainable development.<br>""Target is set relative to the projected emissions upto 2035 under the BAU scenario which is 6.03 million tonnes of CO2 eq.""",2/27/2025,
Djibouti,DJI,169,0.2930199831,0.5017472343,Y,Y,N,N,#N/A,,
Malta,MLT,170,0.4373061863,0.3197190097,Y,Y,Y,Y,"An economy-wide net emissions reduction target by 2040 compared to 1990, including an adequate contribution of high-quality international credits under Article 6 of the Paris Agreement in a way that is both ambitious and cost-efficient, leading to an indicative contribution of an economy wide net reduction of between 66.25-72.5% in GHG emissions by 2035 compared to 1990.",11/5/2025,
Eswatini,SWZ,171,0.2648959382,0.4476383889,Y,Y,N,N,"Eswatini’s new economy wide target, compared to the Business as Usual (BAU) scenario, aims to reduce its greenhouse emissions (GHG) by 2.24 MtCO₂eq in 2035. This is an increase of 115% from the 1.04 MtCO₂eq reductions by 2030 in NDC 2.0. Subject to national circumstances, Eswatini aims to mobilize domestic resources to abate 695 ktCO₂eq tonnes of GHG emissions (31% of the 2.24 million tonnes). The reduction of the remaining 1.55 MtCO₂eq tonnes (69% of the total) will be achieved through a combination of international support, including finance, investments, technology development and transfer, and capacity building.",9/22/2025,
Montenegro,MNE,172,0.4293836598,0.3632297973,Y,Y,N,Y,"Economy-wide net domestic reduction in GHG emissions of at least 55% by 2030 and 60% by 2035, compared to 1990 levels.",2/21/2025,
Barbados,BRB,173,0.6095938598,0.37096198,Y,Y,N,Y,It is the goal of the Government of Barbados to achieve an absolute economy-wide reduction in GHG emissions of 45% below the 2008 level by 2035 based on the existing portfolio of policies and measures.,8/30/2025,
Comoros,COM,175,0.2519597434,0.5410414215,Y,N,N,Y,#N/A,,
Cabo Verde,CPV,176,0.4577758743,0.4204449961,Y,Y,N,Y,"By 2030, Cabo Verde commits to reduce economy-wide GHG emissions by 18% below the BAU scenario (unconditional). Conditional on adequate international support, this reduction target may increase to 28% below BAU. By 2035, mitigation ambition rises to a 39% reduction below BAU (conditional), while maintaining 18% below BAU (unconditional).",11/1/2025,
Antigua and Barbuda,ATG,177,0.4132514698,0.4676822832,Y,N,N,Y,"Antigua and Barbuda communicated that it would voluntarily undertake nationally appropriate, measurable and verifiable actions aimed at further reducing its already minuscule GHG emissions by 25 per cent below 1990 levels by 2020.",,
Seychelles,SYC,178,0.5200766073,0.4441412756,Y,Y,N,Y,"Emission reduction target is 23.1% (204 ktCO2e reduction) relative to business-as usual emissions in 2035. This constitutes an increase in ambition compared to the Seychelles’ NDC 2.0, as it will allow achieving a reduction of 35.7% compared to the BAU for 2030, whereas in the NDC 2.0 the WEM was projected to be 26.4% below BAU.",9/30/2025,
Vanuatu,VUT,179,0.3323665351,0.5630534141,Y,Y,Y,Y,"The NDC 3.0 will, if fully financed and implemented, reduce emissions from all sectors by 1,608.57 kt CO₂ eq by 2035, thus providing a clear and unambiguous overall emission reduction goal aligned with equity (acknowledging the conditional nature of the NDC which requires external financing), as well as the imperative to limit global warming to 1.5°C.",9/24/2025,
St. Lucia,LCA,180,0.4251002888,0.3751029155,Y,Y,N,N,#N/A,2/6/2025,
Grenada,GRD,182,0.5020886581,0.3828455593,Y,N,N,Y,#N/A,,
Samoa,WSM,184,0.4207280988,0.5132912068,Y,N,N,N,#N/A,,
Tonga,TON,185,0.3920608641,0.6065927375,Y,Y,Y,N,Energy sector emissions from electricity reduction of 20 GgCO2e by 2030 and 25 GgCO2e by 2035 compared to the baseline emissions of 2006. Energy sector emissions from transportation reduction of 26 GgCO2e by 2030 and 45 GgCO2e by 2035 compared to the baseline emissions of 2006.,9/23/2025,
Palau,PLW,186,0.4154773416,0.5126162592,Y,N,N,N,#N/A,,
Sao Tome and Principe,STP,187,0.3851644068,0.5418009964,Y,Y,N,Y,"35.4% reduction in GHG emissions in 2035, relative to the BAU scenario, excluding the LULUCF sector.",9/30/2025,
St. Vincent and the Grenadines,VCT,188,0.491411365,0.4314534912,Y,N,N,N,#N/A,,
Dominica,DMA,190,0.4736226926,0.4390778881,Y,N,N,Y,Dominica communicated several NAMAs.,,
"Micronesia, Fed. Sts.",FSM,192,0.3699668755,0.6211892555,Y,Y,N,Y,"Compared to a Business-as-Usual projection of 222 ktCO₂e in 2030 and 231 ktCO₂e in 2035, the implementation of measures can reduce emissions to 153 ktCO₂e in 2030 and 149 ktCO₂e in 2035, representing reductions of roughly 31% and 35% respectively, while safeguarding development priorities.",9/24/2025,
Kiribati,KIR,193,0.4132904291,0.5569802901,Y,N,N,N,#N/A,,
Nauru,NRU,195,0.5604735993,0.5091334962,Y,N,N,Y,#N/A,,
Tuvalu,TUV,196,0.5737564333,0.5762553438,Y,Y,N,Y,#N/A,9/26/2025,
Marshall Islands,MHL,#N/A,0.4002731919,0.5898966756,Y,Y,Y,Y,"RMI hereby confirms its indicative 2035 target set out in the previous NDC - an absolute reduction in GHG emissions of at least 58% below 2010 levels by 2035, covering all major gases and sector.",2/10/2025,